mineral,Vac,Al,B,Ca,Cr3+,Cr2+,Fe2+,Fe3+,H,K,Li,Mg,Mn2+,Mn3+,Na,Ni,O,Sc,Si,Ti4+,Ti3+,V,Zn,sum,a,b,c,beta,V,reference
Tissintite,0.24,1.17,0,0.45,0,0,0.03,0,0,0,0,0.01,0,0,0.31,0,6,0,1.8,0,0,0,0,10.01,9.21,9.09,5.2,109.6,410,Earth and Planetary Science Letters 422 (2015) 194-205
Jervisite,0.12,0,0,0.31,0,0,0.29,0,0,0,0,0.19,0,0,0.43,0,6,0.66,2,0,0,0,0,10,9.853,9.042,5.312,106.617,453.486,American Mineralogist 67 (1982) 599-603
Omphacite,0.065,0.801,0,0.286,0.002,0,0.07,0,0,0.003,0,0.205,0.001,0,0.601,0,6,0,1.957,0.009,0,0,0,10,9.501,8.654,5.238,107.23,411.35,American Mineralogist 71 (1986) 1434-1440
Diopside,0.059,0.516,0,0.469,0.003,0,0.075,0,0,0.003,0,0.465,0.001,0,0.404,0,6,0,1.997,0.008,0,0,0,10,9.561,8.73,5.249,107,418.977,American Mineralogist 76 (1991) 1141-1152
Diopside,0.025,0.288,0,0.644,0.001,0,0.124,0,0,0,0,0.649,0.001,0,0.264,0,6,0,2.017,0.004,0,0,0,10.02,9.654,8.831,5.255,106.52,429.519,American Mineralogist 76 (1991) 1141-1152
Diopside,0.017,0.315,0,0.545,0.005,0,0.145,0,0,0.004,0,0.652,0.003,0,0.303,0,6,0,1.999,0.012,0,0,0,10,9.628,8.808,5.254,106.88,426.36,American Mineralogist 76 (1991) 1141-1152
Diopside,0.01,0.271,0,0.516,0.003,0,0.244,0,0,0.005,0,0.661,0.014,0,0.27,0,6,0,2.008,0.006,0,0,0,10.01,9.644,8.82,5.256,107.04,427.449,American Mineralogist 76 (1991) 1141-1152
Johannsenite,0,0,0,1,0,0,0,0,0,0,0,0,1,0,0,0,6,0,2,0,0,0,0,10,9.978,9.156,5.293,105.48,466.019,American Mineralogist 52 (1967) 709-720
Johannsenite,0,0,0,1,0,0,0,0,0,0,0,0,1,0,0,0,6,0,2,0,0,0,0,10,9.9227,9.1416,5.2745,105.108,461.98,American Mineralogist 95 (2010) 832-838
Davisite,0,1,0,1,0,0,0,0,0,0,0,0,0,0,0,0,6,1,1,0,0,0,0,10,9.884,8.988,5.446,105.86,465.391,"Journal of the Japanese Association of Mineralogists, Petrologists and Economic Geologists 73 (1978)"
Hedenbergite,0,0,0,1,0,0,1,0,0,0,0,0,0,0,0,0,6,0,2,0,0,0,0,10,9.8672,9.0469,5.2584,104.794,453.844,Physics and Chemistry of Minerals 32 (2005) 552-563
Hedenbergite,0,0,0,1,0,0,1,0,0,0,0,0,0,0,0,0,6,0,2,0,0,0,0,10,9.866,9.025,5.225,104.69,450.04,American Mineralogist 54 (1969) 238-245
Hedenbergite,0,0,0,1,0,0,0.789,0,0,0,0,0,0,0,0,0,6,0,2,0,0,0,0.211,10,9.8605,9.0304,5.269,105.138,452.894,Physics and Chemistry of Minerals 32 (2005) 552-563
Hedenbergite,0,0,0,1,0,0,1,0,0,0,0,0,0,0,0,0,6,0,2,0,0,0,0,10,9.857,9.026,5.227,104.7,449.81,American Mineralogist 54 (1969) 238-245
Hedenbergite,0,0,0,1,0,0,1,0,0,0,0,0,0,0,0,0,6,0,2,0,0,0,0,10,9.852,9.025,5.247,104.77,451.16,American Mineralogist 54 (1969) 238-245
Hedenbergite,0,0,0,1,0,0,0.835,0,0,0,0,0,0,0,0,0,6,0,2,0,0,0,0.165,10,9.8502,9.0294,5.2584,105.052,451.643,Physics and Chemistry of Minerals 32 (2005) 552-563
Hedenbergite,0,0,0,1,0,0,1,0,0,0,0,0,0,0,0,0,6,0,2,0,0,0,0,10,9.85,9.028,5.23,104.75,449.69,American Mineralogist 54 (1969) 238-245
Hedenbergite,0,0,0,0.94,0,0,0.94,0.06,0,0,0,0,0,0,0.06,0,6,0,2,0,0,0,0,10,9.8475,9.0277,5.2495,104.805,451.189,European Journal of Mineralogy 12 (2000) 105-120
Hedenbergite,0,0,0,0.9,0,0,0.9,0.1,0,0,0,0,0,0,0.1,0,6,0,2,0,0,0,0,10,9.8472,9.0288,5.2466,104.789,451.014,European Journal of Mineralogy 12 (2000) 105-120
Hedenbergite,0,0,0,1,0,0,1,0,0,0,0,0,0,0,0,0,6,0,2,0,0,0,0,10,9.847,9.024,5.242,104.77,450.36,American Mineralogist 54 (1969) 238-245
Hedenbergite,0,0,0,1,0,0,1,0,0,0,0,0,0,0,0,0,6,0,2,0,0,0,0,10,9.845,9.024,5.245,104.74,450.638,American Mineralogist 58 (1973) 594-618
Hedenbergite,0,0,0,1,0,0,1,0,0,0,0,0,0,0,0,0,6,0,2,0,0,0,0,10,9.845,9.0293,5.245,104.775,450.83,American Mineralogist 91 (2006) 1271-1292
Hedenbergite,0,0,0,0.99,0,0,1.01,0,0,0,0,0,0,0,0,0,6,0,2,0,0,0,0,10,9.8447,9.0234,5.2509,104.862,450.847,American Mineralogist 92 (2007) 1492-1501
Jadeite,0,0,0,1,0,0,1,0,0,0,0,0,0,0,0,0,6,0,2,0,0,0,0,10,9.8447,9.0234,5.2509,104.862,450.847,American Mineralogist 93 (2008) 1005-1013
Hedenbergite,0,0,0,1,0,0,0.504,0,0,0,0,0,0,0,0,0,6,0,2,0,0,0,0.496,10,9.8447,9.0175,5.2614,105.342,450.434,Physics and Chemistry of Minerals 32 (2005) 552-563
Jervisite,0,0,0,0,0,0,0,0,0,0,0,0,0,0,1,0,6,1,2,0,0,0,0,10,9.8438,9.0439,5.354,107.215,455.294,Acta Crystallographica B29 (1973) 2615-2616
Hedenbergite,0,0,0,1,0,0,1,0,0,0,0,0,0,0,0,0,6,0,2,0,0,0,0,10,9.841,9.027,5.247,104.8,450.69,Mineralogical Magazine 37 (1969) 216-229
Augite,0,0,0,1,0,0,1,0,0,0,0,0,0,0,0,0,6,0,2,0,0,0,0,10,9.84,9.024,5.2495,104.68,450.8,American Mineralogist 58 (1973) 50-59
Hedenbergite,0,0,0,1,0,0,1,0,0,0,0,0,0,0,0,0,6,0,2,0,0,0,0,10,9.8389,9.0214,5.2424,104.797,449.887,American Mineralogist 82 (1997) 245-258
Hedenbergite,0,0,0,1,0,0,0.413,0,0,0,0,0,0,0,0,0,6,0,2,0,0,0,0.587,10,9.8369,9.0043,5.2605,105.435,449.14,Physics and Chemistry of Minerals 32 (2005) 552-563
Hedenbergite,0,0,0,1,0,0,0.85,0,0,0,0,0.15,0,0,0,0,6,0,2,0,0,0,0,10,9.836,9.014,5.248,104.92,449.6,American Mineralogist 58 (1973) 50-59
Hedenbergite,0,0,0,0.949,0,0,0.949,0.051,0,0,0,0,0,0,0.051,0,6,0,2,0,0,0,0,10,9.8354,9.0108,5.256,105.088,449.754,American Mineralogist 91 (2006) 1271-1292
Hedenbergite,0,0,0,1,0,0,0.85,0,0,0,0,0.15,0,0,0,0,6,0,2,0,0,0,0,10,9.834,9.01,5.247,104.96,449.15,American Mineralogist 54 (1969) 238-245
Hedenbergite,0,0,0,1,0,0,0.8,0,0,0,0,0.2,0,0,0,0,6,0,2,0,0,0,0,10,9.832,9.002,5.251,105.02,448.6,American Mineralogist 58 (1973) 50-59
Hedenbergite,0,0,0,1,0,0,0.887,0,0,0,0,0.113,0,0,0,0,6,0,2,0,0,0,0,10,9.832,9.018,5.247,104.88,449.61,Mineralogical Magazine 37 (1969) 216-229
Hedenbergite,0,0,0,0.893,0,0,0.893,0.107,0,0,0,0,0,0,0.107,0,6,0,2,0,0,0,0,10,9.828,8.997,5.258,105.07,448.96,Mineralogical Magazine 37 (1969) 216-229
Hedenbergite,0,0,0,1,0,0,0.777,0,0,0,0,0.223,0,0,0,0,6,0,2,0,0,0,0,10,9.826,9.012,5.251,105.01,449.2,Mineralogical Magazine 37 (1969) 216-229
Hedenbergite,0,0,0,0.904,0,0,0.904,0.096,0,0,0,0,0,0,0.096,0,6,0,2,0,0,0,0,10,9.8248,8.9973,5.2549,105.013,448.66,American Mineralogist 91 (2006) 1271-1292
Petedunnite,0,0,0,1,0,0,0,0,0,0,0,0,0,0,0,0,6,0,2,0,0,0,1,10,9.8243,8.9939,5.2608,105.794,447.289,Physics and Chemistry of Minerals 32 (2005) 552-563
Hedenbergite,0,0,0,1,0,0,0.75,0,0,0,0,0.25,0,0,0,0,6,0,2,0,0,0,0,10,9.821,9.002,5.251,104.98,448.4,American Mineralogist 58 (1973) 50-59
Hedenbergite,0,0,0,1,0,0,0.7,0,0,0,0,0.3,0,0,0,0,6,0,2,0,0,0,0,10,9.821,8.992,5.251,105.18,447.6,American Mineralogist 58 (1973) 50-59
Augite,0,0,0,0.8,0,0,1.2,0,0,0,0,0,0,0,0,0,6,0,2,0,0,0,0,10,9.821,9.042,5.242,105.38,448.8,American Mineralogist 58 (1973) 50-59
Hedenbergite,0,0,0,1,0,0,0.671,0,0,0,0,0.329,0,0,0,0,6,0,2,0,0,0,0,10,9.821,8.994,5.247,105.13,447.39,Mineralogical Magazine 37 (1969) 216-229
Petedunnite,0,0.06,0,0.92,0,0,0.19,0.12,0,0,0,0.14,0.2,0,0.06,0,6,0,1.94,0,0,0,0.37,10,9.82,9,5.27,105.6,448,American Mineralogist 72 (1987) 157-166
Hedenbergite,0,0,0,0.7,0,0,1.3,0,0,0,0,0,0,0,0,0,6,0,2,0,0,0,0,10,9.819,9.056,5.242,105.61,448.931,American Mineralogist 98 (2013) 1227-1234
Hedenbergite,0,0,0,1,0,0,0.682,0,0,0,0,0.318,0,0,0,0,6,0,2,0,0,0,0,10,9.816,8.987,5.252,105.07,447.41,American Mineralogist 54 (1969) 238-245
Hedenbergite,0,0,0,1,0,0,0.682,0,0,0,0,0.318,0,0,0,0,6,0,2,0,0,0,0,10,9.816,8.991,5.253,105.1,447.61,American Mineralogist 54 (1969) 238-245
Hedenbergite,0,0,0,0.9,0,0,0.825,0,0,0,0,0.275,0,0,0,0,6,0,2,0,0,0,0,10,9.814,9.002,5.249,105.46,447,American Mineralogist 58 (1973) 50-59
Diopside,0,0,0,1,0,0,0.66,0,0,0,0,0.34,0,0,0,0,6,0,2,0,0,0,0,10,9.814,8.9959,5.2534,105.331,447.296,The Canadian Mineralogist 28 (1990) 93-109
Hedenbergite,0,0,0,1,0,0,0.6,0,0,0,0,0.4,0,0,0,0,6,0,2,0,0,0,0,10,9.813,8.982,5.251,105.32,445.5,American Mineralogist 58 (1973) 50-59
Hedenbergite,0,0,0,0.7,0,0,1.3,0,0,0,0,0,0,0,0,0,6,0,2,0,0,0,0,10,9.812,9.049,5.233,105.3,448.164,American Mineralogist 60 (1975) 423-434
Augite,0,0,0,0.7,0,0,1.3,0,0,0,0,0,0,0,0,0,6,0,2,0,0,0,0,10,9.8095,9.05,5.238,105.61,447.9,American Mineralogist 58 (1973) 50-59
Hedenbergite,0,0,0,1,0,0,0.567,0,0,0,0,0.433,0,0,0,0,6,0,2,0,0,0,0,10,9.809,8.985,5.249,105.28,446.33,Mineralogical Magazine 37 (1969) 216-229
Hedenbergite,0,0,0,0.85,0,0,0.85,0.15,0,0,0,0,0,0,0.15,0,6,0,2,0,0,0,0,10,9.8067,8.9852,5.2886,105.356,449.369,American Mineralogist 91 (2006) 1271-1292
Hedenbergite,0,0,0,0.6,0,0,1.4,0,0,0,0,0,0,0,0,0,6,0,2,0,0,0,0,10,9.806,9.068,5.238,105.92,447.903,American Mineralogist 98 (2013) 1227-1234
Petedunnite,0,0,0,1,0,0,0,0,0,0,0,0,0,0,0,0,6,0,2,0,0,0,1,10,9.8055,8.9778,5.2499,105.761,444.783,American Mineralogist 95 (2010) 832-838
Diopside,0,0,0,1,0,0,0.466,0,0,0,0,0.534,0,0,0,0,6,0,2,0,0,0,0,10,9.804,8.971,5.253,105.46,445.3,Mineralogical Magazine 37 (1969) 216-229
Hedenbergite,0,0,0,0.788,0,0,0.788,0.212,0,0,0,0,0,0,0.212,0,6,0,2,0,0,0,0,10,9.804,8.972,5.263,105.4,446.36,Mineralogical Magazine 37 (1969) 216-229
Diopside,0,0.301,0,0.752,0,0,0,0,0,0.23,0,0.749,0,0,0,0,6,0,1.968,0,0,0,0,10,9.803,8.985,5.263,105.69,446.292,European Journal of Mineralogy 14 (2002) 929-934
Hedenbergite,0,0,0,1,0,0,0.523,0,0,0,0,0.477,0,0,0,0,6,0,2,0,0,0,0,10,9.802,8.976,5.254,105.4,445.69,American Mineralogist 54 (1969) 238-245
Hedenbergite,0,0,0,1,0,0,0.523,0,0,0,0,0.477,0,0,0,0,6,0,2,0,0,0,0,10,9.801,8.974,5.248,105.46,444.92,American Mineralogist 54 (1969) 238-245
Augite,0,0,0,0.7,0,0,1.105,0,0,0,0,0.195,0,0,0,0,6,0,2,0,0,0,0,10,9.8,9.03,5.244,105.92,446.3,American Mineralogist 58 (1973) 50-59
Grossmanite,0,1.11,0,1,0,0,0,0,0,0,0,0.25,0,0,0,0,6,0.01,1.07,0.19,0.35,0.01,0,9.99,9.8,8.85,5.36,105.62,447.7,American Mineralogist 94 (2009) 1491-1494
Burnettite,0,1.08,0,1.04,0,0,0,0,0,0,0,0.08,0,0,0,0,6,0.24,1.01,0.12,0.13,0.29,0,9.99,9.8,8.85,5.36,105.62,447.704,Lunar and Planetary Science 47 (2016) 1595-1595
Augite,0,0,0,0.8,0,0,0.9,0,0,0,0,0.3,0,0,0,0,6,0,2,0,0,0,0,10,9.797,9.002,5.243,105.7,445.2,American Mineralogist 58 (1973) 50-59
Petedunnite,0,0,0,1,0,0,0,0,0,0,0,0,0,0,0,0,6,0,2,0,0,0,1,10,9.7955,8.9781,5.251,106.033,443.836,Acta Crystallographica C61 (2005) i20-i22
Diopside,0,0,0,1,0,0,0.5,0,0,0,0,0.5,0,0,0,0,6,0,2,0,0,0,0,10,9.7955,8.9725,5.252,105.49,445.4,American Mineralogist 58 (1973) 50-59
Hedenbergite,0,0,0,0.75,0,0,0.75,0.25,0,0,0,0,0,0,0.25,0,6,0,2,0,0,0,0,10,9.7951,8.9698,5.2634,105.523,445.574,European Journal of Mineralogy 12 (2000) 105-120
Diopside,0,0,0,1,0,0,0.48,0,0,0,0,0.52,0,0,0,0,6,0,2,0,0,0,0,10,9.795,8.979,5.2545,105.5,445.322,The Canadian Mineralogist 28 (1990) 93-109
Augite,0,0,0,1,0,0,0.411,0,0,0,0,0.589,0,0,0,0,6,0,2,0,0,0,0,10,9.794,8.963,5.249,105.48,444,American Mineralogist 54 (1969) 238-245
Augite,0,0,0,1,0,0,0.411,0,0,0,0,0.589,0,0,0,0,6,0,2,0,0,0,0,10,9.794,8.966,5.257,105.47,444.94,American Mineralogist 54 (1969) 238-245
Hedenbergite,0,0,0,0.742,0,0,0.742,0.258,0,0,0,0,0,0,0.258,0,6,0,2,0,0,0,0,10,9.7938,8.9685,5.2632,105.52,445.44,American Mineralogist 91 (2006) 1271-1292
Ferrosilite,0,0,0,0.5,0,0,1.5,0,0,0,0,0,0,0,0,0,6,0,2,0,0,0,0,10,9.793,9.078,5.238,106.27,447.014,American Mineralogist 98 (2013) 1227-1234
Diopside,0,0,0,1,0,0,0.368,0,0,0,0,0.632,0,0,0,0,6,0,2,0,0,0,0,10,9.793,8.962,5.254,105.5,444.28,Mineralogical Magazine 37 (1969) 216-229
Hedenbergite,0,0,0,0.758,0,0,0.758,0.242,0,0,0,0,0,0,0.242,0,6,0,2,0,0,0,0,10,9.7929,8.9656,5.2696,105.496,445.848,American Mineralogist 91 (2006) 1271-1292
Augite,0,0,0,0.7,0,0,0.975,0,0,0,0,0.325,0,0,0,0,6,0,2,0,0,0,0,10,9.791,9.001,5.242,106.02,444,American Mineralogist 58 (1973) 50-59
Augite,0,0,0,1,0,0,0.411,0,0,0,0,0.589,0,0,0,0,6,0,2,0,0,0,0,10,9.789,8.96,5.251,105.49,443.85,American Mineralogist 54 (1969) 238-245
Diopside,0,0.85,0,1.01,0,0,0,0.74,0,0,0,0.16,0,0,0.01,0,6,0,1.19,0.03,0,0,0,9.99,9.786,8.86,5.338,105.87,445.185,European Journal of Mineralogy 9 (1997) 617-621
Hedenbergite,0,0,0,0.685,0,0,0.685,0.315,0,0,0,0,0,0,0.315,0,6,0,2,0,0,0,0,10,9.784,8.953,5.268,105.6,444.45,Mineralogical Magazine 37 (1969) 216-229
Diopside,0,0,0,1,0,0,0.283,0,0,0,0,0.717,0,0,0,0,6,0,2,0,0,0,0,10,9.782,8.96,5.243,105.59,442.66,American Mineralogist 54 (1969) 238-245
Diopside,0,0,0,1,0,0,0.283,0,0,0,0,0.717,0,0,0,0,6,0,2,0,0,0,0,10,9.782,8.952,5.255,105.6,443.23,American Mineralogist 54 (1969) 238-245
Augite,0,0,0,0.8,0,0,0.72,0,0,0,0,0.48,0,0,0,0,6,0,2,0,0,0,0,10,9.781,8.982,5.244,105.87,443.2,American Mineralogist 58 (1973) 50-59
Hedenbergite,0,0,0,0.5,0,0,1.5,0,0,0,0,0,0,0,0,0,6,0,2,0,0,0,0,10,9.781,9.072,5.246,106.6,446.094,American Mineralogist 60 (1975) 423-434
Diopside,0,0,0,1,0,0,0.272,0,0,0,0,0.728,0,0,0,0,6,0,2,0,0,0,0,10,9.78,8.954,5.253,105.59,443.08,Mineralogical Magazine 37 (1969) 216-229
Diopside,0,0,0,1,0,0,0.3,0,0,0,0,0.7,0,0,0,0,6,0,2,0,0,0,0,10,9.7755,8.955,5.251,105.67,443.1,American Mineralogist 58 (1973) 50-59
Diopside,0,0,0,1,0,0,0.079,0,0,0,0,0.921,0,0,0,0,6,0,2,0,0,0,0,10,9.775,8.936,5.244,105.74,440.91,American Mineralogist 54 (1969) 238-245
Diopside,0,0,0,1,0,0,0.204,0,0,0,0,0.796,0,0,0,0,6,0,2,0,0,0,0,10,9.774,8.944,5.249,105.64,441.88,American Mineralogist 54 (1969) 238-245
Augite,0,1,0,0.61,0,0,0.13,0,0,0.17,0,0.43,0.01,0,0.05,0,6,0,1.61,0,0,0,0,10.01,9.773,8.926,5.269,105.75,442.378,American Mineralogist 88 (2003) 464-468
Diopside,0,0,0,1,0,0,0.26,0,0,0,0,0.74,0,0,0,0,6,0,2,0,0,0,0,10,9.773,8.9523,5.2524,105.676,442.444,The Canadian Mineralogist 28 (1990) 93-109
Diopside,0,0,0,1,0,0,0.204,0,0,0,0,0.796,0,0,0,0,6,0,2,0,0,0,0,10,9.772,8.945,5.253,105.65,442.15,American Mineralogist 54 (1969) 238-245
Diopside,0,0,0,1,0,0,0.079,0,0,0,0,0.921,0,0,0,0,6,0,2,0,0,0,0,10,9.772,8.934,5.253,105.76,441.32,American Mineralogist 54 (1969) 238-245
Augite,0,0,0,0.5,0,0,1.275,0,0,0,0,0.225,0,0,0,0,6,0,2,0,0,0,0,10,9.772,9.038,5.245,106.75,443.4,American Mineralogist 58 (1973) 50-59
Diopside,0,0,0,1,0,0,0.204,0,0,0,0,0.796,0,0,0,0,6,0,2,0,0,0,0,10,9.771,8.946,5.253,105.66,442.08,American Mineralogist 54 (1969) 238-245
Augite,0,0,0,0.5,0,0,1.125,0,0,0,0,0.375,0,0,0,0,6,0,2,0,0,0,0,10,9.771,9.019,5.244,106.65,442.7,American Mineralogist 58 (1973) 50-59
Diopside,0,0,0,1,0,0,0.2,0,0,0,0,0.8,0,0,0,0,6,0,2,0,0,0,0,10,9.771,8.947,5.25,105.68,442,American Mineralogist 58 (1973) 50-59
Diopside,0,0,0,1,0,0,0.139,0,0,0,0,0.861,0,0,0,0,6,0,2,0,0,0,0,10,9.77,8.943,5.252,105.69,441.75,American Mineralogist 54 (1969) 238-245
Diopside,0,0,0,1,0,0,0.079,0,0,0,0,0.921,0,0,0,0,6,0,2,0,0,0,0,10,9.767,8.936,5.246,105.68,440.84,American Mineralogist 54 (1969) 238-245
Augite,0,0,0,0.6,0,0,1.05,0,0,0,0,0.35,0,0,0,0,6,0,2,0,0,0,0,10,9.767,9.015,5.242,106.44,442.7,American Mineralogist 58 (1973) 50-59
Augite,0,0,0,0.8,0,0,0.6,0,0,0,0,0.6,0,0,0,0,6,0,2,0,0,0,0,10,9.767,8.956,5.249,105.97,441.4,American Mineralogist 58 (1973) 50-59
Diopside,0,0,0.024,0.83,0,0,0,0,0,0,0,0.896,0,0,0.14,0,6,0,1.872,0.161,0.068,0,0,9.99,9.765,8.929,5.284,106.19,442.45,European Journal of Mineralogy 16 (2004) 443-449
Diopside,0,0,0,1,0,0,0.179,0,0,0,0,0.821,0,0,0,0,6,0,2,0,0,0,0,10,9.765,8.941,5.25,105.68,441.32,Mineralogical Magazine 37 (1969) 216-229
Diopside,0,0,0,1,0,0,0.18,0,0,0,0,0.82,0,0,0,0,6,0,2,0,0,0,0,10,9.7634,8.9488,5.2504,105.726,441.56,The Canadian Mineralogist 28 (1990) 93-109
Diopside,0,0,0,1,0,0,0.1,0,0,0,0,0.9,0,0,0,0,6,0,2,0,0,0,0,10,9.762,8.936,5.249,105.75,441,American Mineralogist 58 (1973) 50-59
Clinoferrosilite,0,0,0,0.4,0,0,1.6,0,0,0,0,0,0,0,0,0,6,0,2,0,0,0,0,10,9.76,9.057,5.234,106.3,444.07,American Mineralogist 60 (1975) 423-434
Diopside,0,0,0,0.87,0,0,0,0,0,0,0,0.94,0.19,0,0,0,6,0,2,0,0,0,0,10,9.76,8.93,5.27,106.44,440.538,American Mineralogist 66 (1981) 127-141
Hedenbergite,0,0,0,0.6,0,0,0.6,0.4,0,0,0,0,0,0,0.4,0,6,0,2,0,0,0,0,10,9.7598,8.9277,5.2748,106.041,441.712,European Journal of Mineralogy 12 (2000) 105-120
Diopside,0,0,0,1,0,0,0.088,0,0,0,0,0.912,0,0,0,0,6,0,2,0,0,0,0,10,9.759,8.934,5.254,105.77,440.86,Mineralogical Magazine 37 (1969) 216-229
Diopside,0,0,0,1,0,0,0.059,0,0,0,0,0.941,0,0,0,0,6,0,2,0,0,0,0,10,9.757,8.937,5.245,105.82,440.05,American Mineralogist 54 (1969) 238-245
Augite,0,0,0,0.8,0,0,0.36,0,0,0,0,0.84,0,0,0,0,6,0,2,0,0,0,0,10,9.757,8.943,5.246,106.05,439.9,American Mineralogist 58 (1973) 50-59
Hedenbergite,0,0,0,0.583,0,0,0.583,0.417,0,0,0,0,0,0,0.417,0,6,0,2,0,0,0,0,10,9.757,8.927,5.272,105.96,441.49,Mineralogical Magazine 37 (1969) 216-229
Hedenbergite,0,0,0,0.615,0,0,0.615,0.385,0,0,0,0,0,0,0.385,0,6,0,2,0,0,0,0,10,9.756,8.9252,5.2739,106.031,441.363,American Mineralogist 91 (2006) 1271-1292
Diopside,0,0,0.028,0.891,0,0,0,0,0,0,0,0.905,0,0,0.104,0,6,0,1.927,0.067,0.081,0,0,10,9.756,8.929,5.269,106.06,441.076,European Journal of Mineralogy 16 (2004) 443-449
Diopside,0,0,0,1,0,0,0,0,0,0,0,1,0,0,0,0,6,0,2,0,0,0,0,10,9.755,8.926,5.241,105.84,439.04,American Mineralogist 54 (1969) 238-245
Diopside,0,0,0,1,0,0,0,0,0,0,0,1,0,0,0,0,6,0,2,0,0,0,0,10,9.754,8.933,5.252,105.84,440.22,American Mineralogist 54 (1969) 238-245
Augite,0,0,0,0.6,0,0,0.84,0,0,0,0,0.56,0,0,0,0,6,0,2,0,0,0,0,10,9.752,8.981,5.249,106.63,440.5,American Mineralogist 58 (1973) 50-59
Augite,0,0,0,1,0,0,0.25,0,0,0,0,0.74,0,0,0,0,6,0,2,0,0,0,0,9.99,9.7504,8.9015,5.27444,106.016,440.016,Journal of Applied Crystallography 33 (2000) 267-278
Diopside,0,0,0,1,0,0,0,0,0,0,0,1,0,0,0,0,6,0,2,0,0,0,0,10,9.75,8.927,5.254,105.79,439.99,American Mineralogist 54 (1969) 238-245
Augite,0,0,0,0.4,0,0,1.2,0,0,0,0,0.4,0,0,0,0,6,0,2,0,0,0,0,10,9.749,9.018,5.247,107.4,440,American Mineralogist 58 (1973) 50-59
Diopside,0,0,0,1,0,0,0,0,0,0,0,1,0,0,0,0,6,0,2,0,0,0,0,10,9.7485,8.931,5.249,105.85,439.6,American Mineralogist 58 (1973) 50-59
Diopside,0,0,0.018,0.938,0,0,0,0,0,0,0,0.925,0,0,0.066,0,6,0,1.97,0.028,0.054,0,0,10,9.748,8.926,5.264,105.89,440.523,European Journal of Mineralogy 16 (2004) 443-449
Diopside,0,0,0.043,0.79,0,0,0,0,0,0,0,0.772,0,0,0.19,0,6,0,1.879,0.165,0.127,0,0,9.97,9.748,8.926,5.281,106.09,441.503,European Journal of Mineralogy 16 (2004) 443-449
Diopside,0,0,0,1,0,0,0,0,0,0,0,1,0,0,0,0,6,0,2,0,0,0,0,10,9.748,8.924,5.251,105.79,439.48,Mineralogical Magazine 37 (1969) 216-229
Diopside,0,0.029,0,0.798,0.071,0,0.059,0,0,0.073,0,0.955,0,0,0.023,0,6,0,1.992,0,0,0,0,10,9.7476,8.9478,5.2622,106.056,441.063,American Mineralogist 81 (1996) 632-638
Diopside,0,0,0,1,0,0,0,0,0,0,0,1,0,0,0,0,6,0,2,0,0,0,0,10,9.747,8.9235,5.2524,105.939,439.276,American Mineralogist 75 (1990) 1274-1281
Diopside,0,0,0.022,0.817,0,0,0,0,0,0,0,0.832,0,0,0.164,0,6,0,1.883,0.184,0.068,0,0,9.97,9.747,8.922,5.278,106.1,440.987,European Journal of Mineralogy 16 (2004) 443-449
Diopside,0,0,0,0.89,0,0,0,0,0,0,0,1.11,0,0,0,0,6,0,2,0,0,0,0,10,9.747,8.9235,5.2524,105.939,439.276,The Canadian Mineralogist 28 (1990) 93-109
Augite,0,0,0,0.3,0,0,1.445,0,0,0,0,0.255,0,0,0,0,6,0,2,0,0,0,0,10,9.746,9.055,5.255,107.7,441.8,American Mineralogist 58 (1973) 50-59
Diopside,0,0,0,1,0,0,0,0,0,0,0,1,0,0,0,0,6,0,2,0,0,0,0,10,9.7456,8.9198,5.2516,105.86,439.137,American Mineralogist 66 (1981) 315-323
Augite,0,0,0,0.6,0,0,0.42,0,0,0,0,0.98,0,0,0,0,6,0,2,0,0,0,0,10,9.745,8.939,5.244,106.69,437.6,American Mineralogist 58 (1973) 50-59
Augite,0,0,0,0.8,0,0,0.24,0,0,0,0,0.96,0,0,0,0,6,0,2,0,0,0,0,10,9.745,8.935,5.246,106.23,438.6,American Mineralogist 58 (1973) 50-59
Diopside,0,0,0,1,0,0,0,0,0,0,0,1,0,0,0,0,6,0,2,0,0,0,0,10,9.745,8.899,5.251,105.63,438.532,American Mineralogist 58 (1973) 594-618
Aegirine,0,0,0,0.5,0,0,0.5,0.5,0,0,0,0,0,0,0.5,0,6,0,2,0,0,0,0,10,9.7441,8.9103,5.2791,106.225,440.091,European Journal of Mineralogy 12 (2000) 105-120
Hedenbergite,0,0,0,0.5,0,0,0.5,0.5,0,0,0,0,0,0,0.5,0,6,0,2,0,0,0,0,10,9.7441,8.9103,5.2791,106.225,440.091,European Journal of Mineralogy 12 (2000) 105-120
Augite,0,0,0,0.3,0,0,1.275,0,0,0,0,0.425,0,0,0,0,6,0,2,0,0,0,0,10,9.744,9.021,5.256,108.06,439.2,American Mineralogist 58 (1973) 50-59
Diopside,0,0.209,0,0.896,0,0,0,0,0,0.072,0,0.887,0,0,0,0,6,0,1.936,0,0,0,0,10,9.744,8.904,5.273,106.14,439.457,European Journal of Mineralogy 14 (2002) 929-934
Diopside,0,0.079,0,0.999,0.001,0,0.039,0,0,0,0,0.969,0.001,0,0.004,0.001,6,0,1.932,0.003,0,0,0,10.03,9.743,8.916,5.256,105.88,439.1,The Canadian Mineralogist 32 (1994) 541-552
Hedenbergite,0,0,0,0.55,0,0,0.55,0.45,0,0,0,0,0,0,0.45,0,6,0,2,0,0,0,0,10,9.7428,8.9091,5.275,106.126,439.852,American Mineralogist 91 (2006) 1271-1292
Aegirine,0,0,0,0.488,0,0,0.488,0.512,0,0,0,0,0,0,0.512,0,6,0,2,0,0,0,0,10,9.7412,8.9086,5.2776,106.221,439.76,American Mineralogist 91 (2006) 1271-1292
Hedenbergite,0,0,0,0.506,0,0,0.506,0.494,0,0,0,0,0,0,0.494,0,6,0,2,0,0,0,0,10,9.7412,8.9086,5.2776,106.221,439.76,American Mineralogist 91 (2006) 1271-1292
Augite,0,0,0,0.6,0,0,0.7,0,0,0,0,0.7,0,0,0,0,6,0,2,0,0,0,0,10,9.741,8.953,5.248,106.67,438.5,American Mineralogist 58 (1973) 50-59
Augite,0,0,0,0.4,0,0,1.12,0,0,0,0,0.48,0,0,0,0,6,0,2,0,0,0,0,10,9.74,8.998,5.251,107.77,438.2,American Mineralogist 58 (1973) 50-59
Diopside,0,0,0,1,0,0,0,0,0,0,0,1,0,0,0,0,6,0,2,0,0,0,0,10,9.7397,8.9174,5.2503,105.866,438.631,American Mineralogist 93 (2008) 177-186
Diopside,0,0,0,1,0,0,0,0,0,0,0,0.78,0,0,0,0.22,6,0,2,0,0,0,0,10,9.7393,8.9095,5.2418,105.85,437.55,American Mineralogist 75 (1990) 1274-1281
Diopside,0,0,0,0.892,0,0,0,0,0,0,0,1.108,0,0,0,0,6,0,2,0,0,0,0,10,9.739,8.919,5.25,106.15,438.2,American Mineralogist 58 (1973) 50-59
Diopside,0,0,0,1,0,0,0,0,0,0,0,0.55,0,0,0,0.45,6,0,2,0,0,0,0,10,9.739,8.9094,5.2375,105.848,437.177,American Mineralogist 75 (1990) 1274-1281
Diopside,0,0.059,0,0.905,0,0,0.047,0.049,0,0.005,0,0.917,0.002,0,0.045,0,6,0,1.969,0.002,0,0,0,10,9.739,8.913,5.253,106.02,438.272,American Mineralogist 76 (1991) 1141-1152
Diopside,0,0,0,1,0,0,0,0,0,0,0,0.26,0,0,0,0.74,6,0,2,0,0,0,0,10,9.7372,8.8986,5.2313,105.826,436.097,American Mineralogist 75 (1990) 1274-1281
Aegirine,0,0,0,0.482,0,0,0.482,0.518,0,0,0,0,0,0,0.518,0,6,0,2,0,0,0,0,10,9.737,8.904,5.278,106.21,439.41,Mineralogical Magazine 37 (1969) 216-229
Diopside,0,0,0,1,0,0,0,0,0,0,0,0,0,0,0,1,6,0,2,0,0,0,0,10,9.7359,8.8932,5.2284,105.83,435.524,American Mineralogist 75 (1990) 1274-1281
Augite,0,0,0,0.6,0,0,0.28,0,0,0,0,1.12,0,0,0,0,6,0,2,0,0,0,0,10,9.734,8.921,5.244,106.73,436.1,American Mineralogist 58 (1973) 50-59
Hedenbergite,0,0.24,0,0.76,0,0,0.76,0,0,0,0,0,0,0,0.24,0,6,0,2,0,0,0,0,10,9.734,8.9103,5.2682,105.904,439.436,American Mineralogist 92 (2007) 1492-1501
Jadeite,0,0.24,0,0.76,0,0,0.76,0,0,0,0,0,0,0,0.24,0,6,0,2,0,0,0,0,10,9.734,8.9103,5.2682,105.904,439.436,American Mineralogist 93 (2008) 1005-1013
Diopside,0,0.6,0,1,0,0,0,0,0,0,0,0.7,0,0,0,0,6,0,1.7,0,0,0,0,10,9.733,8.909,5.296,106.35,440.652,European Journal of Mineralogy 8 (1996) 273-279
Diopside,0,0,0,0.8,0,0,0,0,0,0,0,1.2,0,0,0,0,6,0,2,0,0,0,0,10,9.7323,8.9152,5.2464,106.357,436.782,The Canadian Mineralogist 43 (2005) 1411-1421
Augite,0,0,0,0.4,0,0,0.96,0,0,0,0,0.64,0,0,0,0,6,0,2,0,0,0,0,10,9.731,8.984,5.258,107.82,437.6,American Mineralogist 58 (1973) 50-59
Diopside,0,0.17,0,0.96,0,0,0.05,0,0.06,0,0,0.86,0,0,0.04,0,6,0,1.89,0.02,0,0,0,10.05,9.73,8.873,5.275,105.95,437.881,The Canadian Mineralogist 38 (2000) 1193-1199
Augite,0,0,0,0.4,0,0,0.8,0,0,0,0,0.8,0,0,0,0,6,0,2,0,0,0,0,10,9.727,8.942,5.255,108.1,434.4,American Mineralogist 58 (1973) 50-59
Diopside,0,0,0,0.7,0,0,0,0,0,0,0,1.3,0,0,0,0,6,0,2,0,0,0,0,10,9.7264,8.9133,5.2485,106.742,435.728,The Canadian Mineralogist 43 (2005) 1411-1421
Diopside,0,0.024,0,0.939,0,0,0,0.002,0,0,0,0.974,0.008,0.018,0.044,0,6,0,1.999,0.001,0,0,0,10.01,9.726,8.907,5.256,106.1,437.466,Tschermaks Mineralogische und Petrographische Mitteilungen 26 (1979) 187-201
Diopside,0,0.109,0,0.737,0.04,0,0.101,0.001,0,0,0,1.052,0.003,0,0.022,0,6,0,1.934,0.001,0,0,0,10,9.724,8.898,5.256,106.56,435.908,Physics and Chemistry of Minerals 19 (1992) 213-219
Diopside,0,0.254,0,0.751,0.007,0,0.182,0.062,0,0,0,0.77,0.003,0,0.092,0,6,0,1.848,0.031,0,0,0,10,9.721,8.877,5.275,106.41,436.655,European Journal of Mineralogy 1 (1989) 105-121
Aegirine,0,0,0,0.383,0,0,0.383,0.617,0,0,0,0,0,0,0.617,0,6,0,2,0,0,0,0,10,9.721,8.876,5.282,106.49,437.04,Mineralogical Magazine 37 (1969) 216-229
Aegirine,0,0,0,0.4,0,0,0.4,0.6,0,0,0,0,0,0,0.6,0,6,0,2,0,0,0,0,10,9.7189,8.8818,5.2835,106.598,437.075,European Journal of Mineralogy 12 (2000) 105-120
Augite,0,0,0,0.4,0,0,0.32,0,0,0,0,1.28,0,0,0,0,6,0,2,0,0,0,0,10,9.718,8.902,5.239,107.85,431.4,American Mineralogist 58 (1973) 50-59
Aegirine,0,0,0,0.396,0,0,0.396,0.604,0,0,0,0,0,0,0.604,0,6,0,2,0,0,0,0,10,9.7176,8.8792,5.2828,106.53,436.985,American Mineralogist 91 (2006) 1271-1292
Diopside,0,0.6,0,1,0,0,0,0,0,0,0,0.7,0,0,0,0,6,0,1.7,0,0,0,0,10,9.717,8.886,5.288,106.29,438.263,European Journal of Mineralogy 8 (1996) 273-279
Diopside,0,0.189,0,0.72,0.04,0,0.087,0.01,0,0,0,1.03,0.003,0,0.027,0,6,0,1.891,0.003,0,0,0,10,9.716,8.887,5.26,106.57,435.319,Physics and Chemistry of Minerals 19 (1992) 213-219
Diopside,0,0.187,0,0.712,0.046,0,0.087,0.005,0,0,0,1.007,0.003,0,0.048,0,6,0,1.902,0.003,0,0,0,10,9.712,8.878,5.262,106.59,434.819,Physics and Chemistry of Minerals 19 (1992) 213-219
Diopside,0,0,0,0.59,0,0,0,0,0,0,0,1.41,0,0,0,0,6,0,2,0,0,0,0,10,9.711,8.8935,5.2452,107.278,432.559,The Canadian Mineralogist 43 (2005) 1411-1421
Diopside,0,0.332,0,0.691,0.003,0,0.185,0.059,0,0,0,0.742,0.008,0,0.128,0,6,0,1.816,0.036,0,0,0,10,9.709,8.864,5.274,106.56,435.057,European Journal of Mineralogy 1 (1989) 105-121
Diopside,0,0.207,0,0.694,0.046,0,0.096,0.011,0,0,0,0.997,0.003,0,0.052,0,6,0,1.892,0.002,0,0,0,10,9.709,8.875,5.263,106.62,434.553,Physics and Chemistry of Minerals 19 (1992) 213-219
Aegirine,0,0,0,0.285,0,0,0.285,0.715,0,0,0,0,0,0,0.715,0,6,0,2,0,0,0,0,10,9.707,8.858,5.29,106.78,435.51,Mineralogical Magazine 37 (1969) 216-229
Diopside,0,0.32,0,0.688,0.002,0,0.204,0.054,0,0,0,0.656,0.003,0,0.187,0,6,0,1.846,0.04,0,0,0,10,9.706,8.861,5.275,106.38,435.262,European Journal of Mineralogy 1 (1989) 105-121
Diopside,0,0.342,0,0.661,0.003,0,0.228,0.025,0,0,0,0.731,0.007,0,0.132,0,6,0,1.826,0.045,0,0,0,10,9.706,8.858,5.276,106.58,434.748,European Journal of Mineralogy 1 (1989) 105-121
Diopside,0,0.2,0,0.691,0.001,0,0.103,0.099,0,0,0,0.812,0.006,0,0.159,0,6,0,1.918,0.011,0,0,0,10,9.706,8.873,5.265,106.46,434.846,European Journal of Mineralogy 1 (1989) 105-121
Diopside,0,0.303,0,0.705,0.001,0,0.163,0.067,0,0,0,0.684,0.004,0,0.176,0,6,0,1.848,0.039,0,0,0,9.99,9.705,8.861,5.272,106.38,434.97,European Journal of Mineralogy 1 (1989) 105-121
Diopside,0,0.301,0,0.708,0.001,0,0.16,0.075,0,0,0,0.696,0.002,0,0.173,0,6,0,1.847,0.037,0,0,0,10,9.705,8.862,5.273,106.4,435.057,European Journal of Mineralogy 1 (1989) 105-121
Diopside,0,0.328,0,0.687,0.006,0,0.199,0.034,0,0,0,0.692,0.006,0,0.158,0,6,0,1.846,0.044,0,0,0,10,9.704,8.861,5.273,106.42,434.918,European Journal of Mineralogy 1 (1989) 105-121
Diopside,0,0.268,0,0.673,0.002,0,0.295,0.04,0,0,0,0.685,0.007,0,0.116,0,6,0,1.895,0.019,0,0,0,10,9.703,8.87,5.268,106.54,434.633,European Journal of Mineralogy 1 (1989) 105-121
Diopside,0,0.6,0,1,0,0,0,0,0,0,0,0.7,0,0,0,0,6,0,1.7,0,0,0,0,10,9.703,8.863,5.281,106.24,436.032,European Journal of Mineralogy 8 (1996) 273-279
Diopside,0,0.121,0,0.828,0.023,0,0.041,0.031,0,0,0,0.89,0.001,0,0.102,0,6,0,1.962,0.002,0,0,0,10,9.702,8.878,5.252,106.2,434.415,European Journal of Mineralogy 7 (1995) 141-149
Diopside,0,0.323,0,0.661,0.005,0,0.17,0.036,0,0,0,0.771,0.001,0,0.153,0,6,0,1.851,0.029,0,0,0,10,9.7,8.858,5.272,106.57,434.172,European Journal of Mineralogy 1 (1989) 105-121
Aegirine,0,0,0,0.289,0,0,0.289,0.711,0,0,0,0,0,0,0.711,0,6,0,2,0,0,0,0,10,9.6993,8.8579,5.2813,106.637,434.75,American Mineralogist 91 (2006) 1271-1292
Augite,0,0.33,0,0.61,0,0,0.11,0.1,0,0,0,0.9,0,0,0.09,0,6,0,1.83,0.02,0,0,0,9.99,9.699,8.844,5.272,106.97,432.531,Mineralogical Society of America Special Paper 2 (1969) 31-50
Diopside,0,0.255,0,0.645,0.044,0,0.102,0.013,0,0,0,0.957,0.002,0,0.094,0,6,0,1.883,0.008,0,0,0,10,9.699,8.861,5.267,106.87,433.181,Physics and Chemistry of Minerals 19 (1992) 213-219
Aegirine,0,0,0,0.25,0,0,0.25,0.75,0,0,0,0,0,0,0.75,0,6,0,2,0,0,0,0,10,9.6977,8.8519,5.2861,106.765,434.488,European Journal of Mineralogy 12 (2000) 105-120
Diopside,0,1,0,1,0,0,0,0,0,0,0,0.5,0,0,0,0,6,0,1.5,0,0,0,0,10,9.697,8.85,5.306,106.39,436.849,European Journal of Mineralogy 8 (1996) 273-279
Hedenbergite,0,0.413,0,0.637,0.004,0,0.201,0.067,0,0,0,0.722,0.004,0,0.139,0,6,0,1.778,0.035,0,0,0,10,9.696,8.839,5.276,106.64,433.233,European Journal of Mineralogy 1 (1989) 105-121
Aegirine,0,0,0,0.249,0,0,0.249,0.751,0,0,0,0,0,0,0.751,0,6,0,2,0,0,0,0,10,9.6953,8.8491,5.2856,106.778,434.172,American Mineralogist 91 (2006) 1271-1292
Diopside,0,0.42,0,0.646,0,0,0.221,0.05,0,0,0,0.69,0.003,0,0.143,0,6,0,1.783,0.044,0,0,0,10,9.695,8.841,5.277,106.62,433.414,European Journal of Mineralogy 1 (1989) 105-121
Diopside,0,0.109,0,0.78,0.088,0,0,0.053,0,0,0,0.835,0.001,0,0.181,0,6,0,1.958,0,0,0,0,10.01,9.693,8.889,5.253,106.34,434.323,American Mineralogist 76 (1991) 1141-1152
Diopside,0,0.426,0,0.631,0,0,0.236,0.059,0,0,0,0.662,0.004,0,0.163,0,6,0,1.777,0.042,0,0,0,10,9.693,8.839,5.279,106.68,433.255,European Journal of Mineralogy 1 (1989) 105-121
Diopside,0,0.444,0,0.637,0.001,0,0.242,0.048,0,0,0,0.647,0.004,0,0.159,0,6,0,1.772,0.046,0,0,0,10,9.693,8.837,5.279,106.66,433.202,European Journal of Mineralogy 1 (1989) 105-121
Diopside,0,0.288,0,0.654,0.041,0,0.102,0.003,0,0,0,0.957,0.004,0,0.078,0,6,0,1.863,0.01,0,0,0,10,9.692,8.853,5.265,106.76,432.564,Physics and Chemistry of Minerals 19 (1992) 213-219
Diopside,0,0.19,0,0.88,0,0,0,0,0,0.12,0,0.83,0,0,0,0,6,0,1.98,0,0,0,0,10,9.6912,8.8986,5.2531,105.99,435.49,American Mineralogist 91 (2006) 802-808
Aegirine,0,0,0,0.189,0,0,0.189,0.811,0,0,0,0,0,0,0.811,0,6,0,2,0,0,0,0,10,9.691,8.837,5.292,106.95,433.54,Mineralogical Magazine 37 (1969) 216-229
Diopside,0,0.445,0,0.62,0.001,0,0.213,0.057,0,0,0,0.721,0.005,0,0.136,0,6,0,1.766,0.036,0,0,0,10,9.69,8.837,5.276,106.71,432.709,European Journal of Mineralogy 1 (1989) 105-121
Diopside,0,0.439,0,0.487,0.002,0,0.207,0.034,0,0,0,0.943,0.006,0,0.08,0,6,0,1.768,0.034,0,0,0,10,9.689,8.824,5.28,107.6,430.287,American Mineralogist 79 (1994) 668-674
Aegirine,0,0,0,0.175,0,0,0.175,0.825,0,0,0,0,0,0,0.825,0,6,0,2,0,0,0,0,10,9.6804,8.8337,5.2831,106.877,432.32,American Mineralogist 91 (2006) 1271-1292
Diopside,0,0.6,0,1,0,0,0,0,0,0,0,0.7,0,0,0,0,6,0,1.7,0,0,0,0,10,9.68,8.828,5.268,106.16,432.39,European Journal of Mineralogy 8 (1996) 273-279
Aegirine,0,0.03,0,0.34,0,0,0,0.52,0,0,0,0.36,0,0.09,0.66,0,6,0,1.99,0.01,0,0,0,10,9.6787,8.8394,5.2755,106.903,431.841,Physics and Chemistry of Minerals 13 (1986) 291-305
Diopside,0,0.192,0,0.708,0.005,0,0.051,0.031,0,0,0,0.821,0,0,0.204,0,6,0,1.981,0.008,0,0,0,10,9.678,8.853,5.255,106.52,431.659,American Mineralogist 76 (1991) 1141-1152
Diopside,0,0.25,0,0.645,0.044,0,0.112,0,0,0,0,0.957,0.002,0,0.094,0,6,0,1.888,0.008,0,0,0,10,9.678,8.836,5.257,106.9,430.137,European Journal of Mineralogy 7 (1995) 141-149
Diopside,0,0.029,0,0.509,0.223,0,0.011,0,0,0,0,0.488,0.001,0,0.491,0,6,0,1.99,0.001,0,0.257,0,10,9.6774,8.8479,5.2662,106.446,432.468,American Mineralogist 87 (2002) 709-714
Diopside,0,0.035,0,0.51,0.247,0,0.007,0,0,0,0,0.484,0.001,0,0.49,0,6,0,1.982,0,0,0.244,0,10,9.6718,8.8412,5.267,106.483,431.874,American Mineralogist 87 (2002) 709-714
Aegirine,0,0,0,0.1,0,0,0.1,0.9,0,0,0,0,0,0,0.9,0,6,0,2,0,0,0,0,10,9.6714,8.8152,5.2926,107.166,431.122,European Journal of Mineralogy 12 (2000) 105-120
Aegirine,0,0,0,0.094,0,0,0.0937,0.9063,0,0,0,0,0,0,0.906,0,6,0,2,0,0,0,0,10,9.671,8.82,5.293,107.21,431.22,Mineralogical Magazine 37 (1969) 216-229
Aegirine,0,0,0,0.102,0,0,0.102,0.898,0,0,0,0,0,0,0.898,0,6,0,2,0,0,0,0,10,9.6666,8.8099,5.2916,107.195,430.5,American Mineralogist 91 (2006) 1271-1292
Aegirine,0,0,0,0.149,0,0,0.149,0.851,0,0,0,0,0,0,0.851,0,6,0,2,0,0,0,0,10,9.6654,8.8184,5.2805,106.976,430.464,American Mineralogist 91 (2006) 1271-1292
Natalyite,0,0.04,0,0.418,0.165,0,0.003,0,0,0,0,0.402,0,0,0.582,0,6,0,1.986,0.001,0,0.403,0,10,9.6631,8.8263,5.2709,106.601,430.814,American Mineralogist 87 (2002) 709-714
Aegirine-augite,0,0,0,0.57,0,0,0,0.49,0,0,0,0.57,0.01,0,0.4,0,6,0,1.97,0.01,0,0,0,10.02,9.663,8.813,5.2184,106.4,426.318,Australian Journal of Mineralogy 14 (2008) 43-45
Aegirine,0,0,0,0,0,0,0,1,0,0,0,0,0,0,1,0,6,0,2,0,0,0,0,10,9.6623,8.8,5.2956,107.579,429.248,American Mineralogist 92 (2007) 1492-1501
Diopside,0,0.23,0,0.616,0,0,0.165,0.03,0,0.007,0,0.718,0.008,0,0.235,0,6,0,1.987,0.004,0,0,0,10,9.662,8.841,5.253,106.78,429.614,American Mineralogist 76 (1991) 1141-1152
Diopside,0,0.029,0,0.413,0.298,0,0.011,0,0,0,0,0.388,0.001,0,0.587,0,6,0,1.988,0,0,0.285,0,10,9.6595,8.8263,5.2686,106.596,430.476,American Mineralogist 87 (2002) 709-714
Natalyite,0,0.046,0,0.463,0.238,0,0,0,0,0,0,0.461,0,0,0.537,0,6,0,2,0,0,0.257,0,10,9.6582,8.8273,5.2665,106.577,430.338,American Mineralogist 87 (2002) 709-714
Aegirine,0,0,0,0,0,0,0,1,0,0,0,0,0,0,1,0,6,0,2,0,0,0,0,10,9.658,8.795,5.294,107.42,429.059,American Mineralogist 58 (1973) 594-618
Diopside,0,0,0,0.5,0.5,0,0,0,0,0,0,0.5,0,0,0.5,0,6,0,2,0,0,0,0,10,9.658,8.834,5.263,106.46,430.63,European Journal of Mineralogy 17 (2005) 297-304
Aegirine,0,0,0,0,0,0,0,1,0,0,0,0,0,0,1,0,6,0,2,0,0,0,0,10,9.658,8.795,5.294,107.42,429.1,Mineralogical Magazine 37 (1969) 216-229
Diopside,0,0,0,0.5,0.5,0,0,0,0,0,0,0.5,0,0,0.5,0,6,0,2,0,0,0,0,10,9.656,8.833,5.262,106.5281,430.259,European Journal of Mineralogy 17 (2005) 297-304
Aegirine,0,0,0,0.049,0,0,0.049,0.951,0,0,0,0,0,0,0.951,0,6,0,2,0,0,0,0,10,9.6554,8.7998,5.29,107.304,429.125,American Mineralogist 91 (2006) 1271-1292
Aegirine,0,0,0,0,0,0,0,1,0,0,0,0,0,0,1,0,6,0,2,0,0,0,0,10,9.6554,8.7952,5.2942,107.396,429.026,American Mineralogist 91 (2006) 1271-1292
Augite,0,0,0,0.2,0,0,0.36,0,0,0,0,1.44,0,0,0,0,6,0,2,0,0,0,0,10,9.655,8.876,5.201,108.46,422.8,American Mineralogist 58 (1973) 50-59
Aegirine,0,0,0,0,0,0,0,1,0,0,0,0,0,0,1,0,6,0,2,0,0,0,0,10,9.6549,8.7947,5.2938,107.394,428.952,European Journal of Mineralogy 12 (2000) 105-120
Aegirine,0,0,0,0,0,0,0,1,0,0,0,0,0,0,1,0,6,0,2,0,0,0,0,10,9.6543,8.807,5.2943,107.316,429.748,European Journal of Mineralogy 12 (2000) 105-120
Aegirine,0,0,0,0,0,0,0,1,0,0,0,0,0,0,1,0,6,0,2,0,0,0,0,10,9.6539,8.7928,5.2935,107.436,428.692,American Mineralogist 93 (2008) 1829-1837
Augite,0,0,0,0.1,0,0,0.38,0,0,0,0,1.52,0,0,0,0,6,0,2,0,0,0,0,10,9.652,8.872,5.206,108.55,422.6,American Mineralogist 58 (1973) 50-59
Diopside,0,0,0,1,0,0,0,0,0,0,0,1,0,0,0,0,6,0,2,0,0,0,0,10,9.612,8.765,5.1793,105.32,420.846,American Mineralogist 66 (1981) 315-323
Kushiroite,0,2,0,1,0,0,0,0,0,0,0,0,0,0,0,0,6,0,1,0,0,0,0,10,9.609,8.652,5.274,106.06,421.353,American Mineralogist 59 (1974) 549-557
Kosmochlor,0,0.033,0,0.055,0.478,0,0.001,0,0,0,0,0.056,0.001,0,0.945,0,6,0,2,0.003,0,0.428,0,10,9.6072,8.7413,5.2771,107.172,423.413,American Mineralogist 87 (2002) 709-714
Jadeite,0,0.52,0,0.47,0,0,0.51,0,0,0,0,0,0,0,0.53,0,6,0,2,0,0,0,0,10.03,9.6031,8.7735,5.2656,106.725,424.874,American Mineralogist 92 (2007) 1492-1501
Jadeite,0,0.52,0,0.47,0,0,0.48,0,0,0,0,0,0,0,0.53,0,6,0,2,0,0,0,0,10,9.6031,8.7735,5.2656,106.725,424.874,American Mineralogist 93 (2008) 1005-1013
Kosmochlor,0,0,0,0,1,0,0,0,0,0,0,0,0,0,1,0,6,0,2,0,0,0,0,10,9.579,8.722,5.267,107.37,419.98,American Mineralogist 58 (1973) 594-618
Kosmochlor,0,0,0,0,1,0,0,0,0,0,0,0,0,0,1,0,6,0,2,0,0,0,0,10,9.572,8.7094,5.2678,107.498,418.836,American Mineralogist 88 (2003) 1025-1032
Aegirine,0,0.35,0,0,0,0,0,0.65,0,0,0,0,0,0,1,0,6,0,2,0,0,0,0,10,9.5663,8.704,5.2733,107.6,418.529,American Mineralogist 92 (2007) 1492-1501
Jadeite,0,0.192,0,0.708,0.005,0,0.051,0.031,0,0,0,0.821,0,0,0.204,0,6,0,1.981,0.008,0,0,0,10,9.551,8.724,5.247,106.97,418.159,American Mineralogist 76 (1991) 1141-1152
Kosmochlor,0,0,0,0,1,0,0,0,0,0,0,0,0,0,1,0,6,0,2,0,0,0,0,10,9.55,8.712,5.273,107.44,418.6,Mineralogical Society of America Special Paper 2 (1969) 31-50
Jadeite,0,0.666,0,0.459,0,0,0,0.028,0,0,0,0.372,0,0,0.551,0,6,0,1.924,0,0,0,0,10,9.545,8.713,5.246,106.9,417.445,American Mineralogist 76 (1991) 1141-1152
Spodumene,0,1,0,0,0,0,0,0,0,0,1,0,0,0,0,0,6,0,2,0,0,0,0,10,9.479,8.403,5.223,110.14,390.585,The Canadian Mineralogist 41 (2003) 521-527
Jadeite,0,0.74,0,0,0,0,0,0.26,0,0,0,0,0,0,1,0,6,0,2,0,0,0,0,10,9.4781,8.618,5.2449,107.57,408.429,American Mineralogist 92 (2007) 1492-1501
Spodumene,0,1,0,0,0,0,0,0,0,0,1,0,0,0,0,0,6,0,2,0,0,0,0,10,9.474,8.39,5.219,110.07,389.65,Zeitschrift fur Kristallographie 219 (2004) 278-294
Spodumene,0,1,0,0,0,0,0,0,0,0,1,0,0,0,0,0,6,0,2,0,0,0,0,10,9.463,8.392,5.218,110.15,389.017,American Mineralogist 58 (1973) 594-618
Spodumene,0,1,0,0,0,0,0,0,0,0,1,0,0,0,0,0,6,0,2,0,0,0,0,10,9.4628,8.3882,5.2186,110.187,388.785,Physics and Chemistry of Minerals 27 (2000) 719-731
Jadeite,0,1,0,0,0,0,0,0,0,0,0,0,0,0,1,0,6,0,2,0,0,0,0,10,9.4278,8.5651,5.2262,107.624,402.208,American Mineralogist 92 (2007) 1492-1501
Jadeite,0,1,0,0,0,0,0,0,0,0,0,0,0,0,1,0,6,0,2,0,0,0,0,10,9.4278,8.5651,5.2262,107.624,402.208,American Mineralogist 93 (2008) 1005-1013
Jadeite,0,1,0,0,0,0,0,0,0,0,0,0,0,0,1,0,6,0,2,0,0,0,0,10,9.4242,8.5657,5.2242,107.578,402.031,American Mineralogist 93 (2008) 198-209
Jadeite,0,1,0,0,0,0,0,0,0,0,0,0,0,0,1,0,6,0,2,0,0,0,0,10,9.423,8.564,5.223,107.56,401.848,American Mineralogist 58 (1973) 594-618
Jadeite,0,1,0,0,0,0,0,0,0,0,0,0,0,0,1,0,6,0,2,0,0,0,0,10,9.418,8.562,5.219,107.58,401.189,American Mineralogist 51 (1966) 956-975
Hedenbergite,0,0,0,1,0,0,0.67,0,0,0,0,0.17,0.16,0,0,0,6,0,2,0,0,0,0,10,9.8344,9.023,5.237,104.7,449.498,R070236
Johannsenite,0,0,0,1,0,0,0,0,0,0,0,0,1.02,0,0,0,6,0,1.99,0,0,0,0,10.01,9.912,9.122,5.261,104.86,459.776,R150013
Hedenbergite,0,0.014,0,0.993,0,0,0.84,0.02,0,0,0,0.029,0.111,0,0.007,0,6,0,1.986,0,0,0,0,10,9.8416,9.0253,5.252,104.86,450.899,R050030
Hedenbergite,0,0,0,1,0,0,0.89,0,0,0,0,0.09,0.02,0,0,0,6,0,2,0,0,0,0,10,9.846,9.0196,5.255,104.9,450.989,R060040
Johannsenite,0,0.01,0,0.97,0,0,0.04,0,0,0,0,0.11,0.86,0,0.02,0,6,0,1.99,0,0,0,0.02,10.02,9.911,9.106,5.269,105.02,459.279,R140753
Petedunnite,0,0.02,0,0.94,0,0,0.29,0.02,0,0,0,0.21,0.21,0,0,0,6,0,1.98,0,0,0,0.33,10,9.76,8.96,5.223,105.57,439.988,R070207
Diopside,0,0,0,1,0,0,0.01,0,0,0,0,0.66,0.33,0,0,0,6,0,2,0,0,0,0,10,9.8104,8.9909,5.2641,105.618,447.173,R050666
Diopside,0,0.1,0,1,0,0,0.23,0.1,0,0,0,0.66,0.01,0,0,0,6,0,1.9,0,0,0,0,10,9.7738,8.9319,5.2683,105.69,442.778,R050496
Diopside,0,0.04,0,0.95,0,0,0.33,0,0,0,0,0.63,0.01,0,0.04,0,6,0,2,0,0,0,0,10,9.7658,8.941,5.2568,105.696,441.887,R070123
Diopside,0,0.01,0,0.99,0,0,0.06,0,0,0,0,0.92,0.03,0,0,0,6,0,1.99,0,0,0,0,10,9.7636,8.9353,5.2593,105.784,441.525,R060061
Diopside,0,0,0,1,0,0,0,0,0,0,0,0.98,0.02,0,0,0,6,0,2,0,0,0,0,10,9.7564,8.9313,5.2528,105.809,440.402,R060171
Diopside,0,0.05,0,0.95,0,0,0.18,0.05,0,0,0,0.75,0.01,0,0.05,0,6,0,1.96,0.01,0,0,0,10.01,9.7538,8.9225,5.2568,105.845,440.107,R050406
Diopside,0,0.01,0,0.97,0,0,0.04,0,0,0,0,0.97,0,0,0.01,0,6,0,2,0,0,0,0,10,9.7481,8.923,5.2508,105.886,439.283,R040009
Augite,0,0.04,0,0.34,0,0,0.74,0,0,0,0,0.88,0.02,0,0,0,6,0,1.96,0.02,0,0,0,10,9.729,8.915,5.247,106.09,437.266,R070231
Augite,0,0.19,0,0.88,0.01,0,0.13,0,0,0,0,0.83,0,0,0.04,0,6,0,1.89,0.03,0,0,0,10,9.744,8.8954,5.2725,106.098,439.084,R061086
Diopside,0,0.14,0,0.97,0.01,0,0.1,0.04,0,0,0,0.79,0,0,0.03,0,6,0,1.9,0.02,0,0,0,10,9.7395,8.9089,5.2597,106.123,438.425,R060085
Diopside,0,0.33,0,0.72,0,0,0.23,0.02,0,0,0,0.8,0,0,0.05,0,6,0,1.82,0.03,0,0,0,10,9.7197,8.8655,5.2747,106.556,435.677,R060861
Aegirine,0,0,0,0.02,0,0,0,0.96,0,0,0,0,0.03,0,0.98,0,6,0,2,0.01,0,0,0,10,9.682,8.8145,5.306,107.08,432.853,R050074
Aegirine,0,0.06,0,0.04,0,0,0,0.86,0,0,0,0.02,0.06,0,0.96,0,6,0,1.94,0.07,0,0,0,10.01,9.657,8.8002,5.302,107.29,430.222,R040054
Aegirine,0,0.02,0,0,0.01,0,0,0.97,0,0,0,0,0,0,1,0,6,0,2,0,0,0,0,10,9.64,8.779,5.2873,107.33,427.149,R061093
Aegirine,0,0.07,0,0,0,0,0,0.91,0,0,0,0.01,0,0,1,0,6,0,2,0.01,0,0,0,10,9.369,8.78,5.294,107.42,415.51,R070125
Kosmochlor,0,0,0,0,0.99,0,0,0.01,0,0,0,0,0,0,1,0,6,0,2,0,0,0,0,10,9.572,8.7094,5.2678,107.498,418.836,R120015
Jadeite,0,1.02,0,0,0,0,0,0,0,0,0,0,0,0,1,0,6,0,1.98,0,0,0,0,10,9.4257,8.5684,5.2255,107.565,402.351,R050220
Jadeite,0,0.86,0,0,0.09,0,0,0.05,0,0,0,0,0,0,1,0,6,0,2,0,0,0,0,10,9.463,8.606,5.245,107.57,407.219,R070117
Spodumene,0,0.99,0,0,0,0,0,0.01,0,0,1,0,0,0,0,0,6,0,2,0,0,0,0,10,9.4739,8.4006,5.2249,110.16,390.355,R060039
Spodumene,0,1,0,0,0,0,0,0,0,0,0.99,0,0,0,0.01,0,6,0,2,0,0,0,0,10,9.4638,8.3909,5.2178,110.168,388.939,R040050
Spodumene,0,1,0,0,0,0,0,0,0,0,1,0,0,0,0,0,6,0,2,0,0,0,0,10,9.4666,8.3916,5.2199,110.17,389.238,R050252